"set","gene"
"AxisA_reception","IFNAR1"
"AxisA_reception","IFNAR2"
"AxisA_reception","IRF9"
"AxisA_reception","JAK1"
"AxisA_reception","STAT1"
"AxisA_reception","STAT2"
"AxisA_reception","TYK2"
"AxisA1_receptor_proximal","IFNAR1"
"AxisA1_receptor_proximal","IFNAR2"
"AxisA1_receptor_proximal","JAK1"
"AxisA1_receptor_proximal","TYK2"
"AxisA2_ISGF3","IRF9"
"AxisA2_ISGF3","STAT1"
"AxisA2_ISGF3","STAT2"
"AxisA3_STAT5","STAT5A"
"AxisA3_STAT5","STAT5B"
"AxisAgamma_typeII_receptor","IFNGR1"
"AxisAgamma_typeII_receptor","IFNGR2"
"AxisAgamma_typeII_receptor","JAK2"
"AxisB_hallmark_alpha","ADAR"
"AxisB_hallmark_alpha","B2M"
"AxisB_hallmark_alpha","BATF2"
"AxisB_hallmark_alpha","BST2"
"AxisB_hallmark_alpha","C1S"
"AxisB_hallmark_alpha","CASP1"
"AxisB_hallmark_alpha","CASP8"
"AxisB_hallmark_alpha","CCRL2"
"AxisB_hallmark_alpha","CD47"
"AxisB_hallmark_alpha","CD74"
"AxisB_hallmark_alpha","CMPK2"
"AxisB_hallmark_alpha","CMTR1"
"AxisB_hallmark_alpha","CNP"
"AxisB_hallmark_alpha","CSF1"
"AxisB_hallmark_alpha","CXCL10"
"AxisB_hallmark_alpha","CXCL11"
"AxisB_hallmark_alpha","DDX60"
"AxisB_hallmark_alpha","DHX58"
"AxisB_hallmark_alpha","EIF2AK2"
"AxisB_hallmark_alpha","ELF1"
"AxisB_hallmark_alpha","EPSTI1"
"AxisB_hallmark_alpha","GBP2"
"AxisB_hallmark_alpha","GBP4"
"AxisB_hallmark_alpha","GMPR"
"AxisB_hallmark_alpha","HELZ2"
"AxisB_hallmark_alpha","HERC6"
"AxisB_hallmark_alpha","HLA-C"
"AxisB_hallmark_alpha","IFI27"
"AxisB_hallmark_alpha","IFI30"
"AxisB_hallmark_alpha","IFI35"
"AxisB_hallmark_alpha","IFI44"
"AxisB_hallmark_alpha","IFI44L"
"AxisB_hallmark_alpha","IFIH1"
"AxisB_hallmark_alpha","IFIT2"
"AxisB_hallmark_alpha","IFIT3"
"AxisB_hallmark_alpha","IFITM1"
"AxisB_hallmark_alpha","IFITM2"
"AxisB_hallmark_alpha","IFITM3"
"AxisB_hallmark_alpha","IL15"
"AxisB_hallmark_alpha","IL4R"
"AxisB_hallmark_alpha","IL7"
"AxisB_hallmark_alpha","IRF1"
"AxisB_hallmark_alpha","IRF2"
"AxisB_hallmark_alpha","IRF7"
"AxisB_hallmark_alpha","IRF9"
"AxisB_hallmark_alpha","ISG15"
"AxisB_hallmark_alpha","ISG20"
"AxisB_hallmark_alpha","LAMP3"
"AxisB_hallmark_alpha","LAP3"
"AxisB_hallmark_alpha","LGALS3BP"
"AxisB_hallmark_alpha","LPAR6"
"AxisB_hallmark_alpha","LY6E"
"AxisB_hallmark_alpha","MOV10"
"AxisB_hallmark_alpha","MVB12A"
"AxisB_hallmark_alpha","MX1"
"AxisB_hallmark_alpha","NCOA7"
"AxisB_hallmark_alpha","NMI"
"AxisB_hallmark_alpha","NUB1"
"AxisB_hallmark_alpha","OAS1"
"AxisB_hallmark_alpha","OASL"
"AxisB_hallmark_alpha","OGFR"
"AxisB_hallmark_alpha","PARP12"
"AxisB_hallmark_alpha","PARP14"
"AxisB_hallmark_alpha","PARP9"
"AxisB_hallmark_alpha","PLSCR1"
"AxisB_hallmark_alpha","PNPT1"
"AxisB_hallmark_alpha","PROCR"
"AxisB_hallmark_alpha","PSMA3"
"AxisB_hallmark_alpha","PSMB8"
"AxisB_hallmark_alpha","PSMB9"
"AxisB_hallmark_alpha","PSME1"
"AxisB_hallmark_alpha","PSME2"
"AxisB_hallmark_alpha","RIPK2"
"AxisB_hallmark_alpha","RNF31"
"AxisB_hallmark_alpha","RSAD2"
"AxisB_hallmark_alpha","RTP4"
"AxisB_hallmark_alpha","SAMD9"
"AxisB_hallmark_alpha","SAMD9L"
"AxisB_hallmark_alpha","SELL"
"AxisB_hallmark_alpha","SLC25A28"
"AxisB_hallmark_alpha","SP110"
"AxisB_hallmark_alpha","STAT2"
"AxisB_hallmark_alpha","TAP1"
"AxisB_hallmark_alpha","TDRD7"
"AxisB_hallmark_alpha","TENT5A"
"AxisB_hallmark_alpha","TMEM140"
"AxisB_hallmark_alpha","TRAFD1"
"AxisB_hallmark_alpha","TRIM14"
"AxisB_hallmark_alpha","TRIM21"
"AxisB_hallmark_alpha","TRIM25"
"AxisB_hallmark_alpha","TRIM26"
"AxisB_hallmark_alpha","TRIM5"
"AxisB_hallmark_alpha","TXNIP"
"AxisB_hallmark_alpha","UBA7"
"AxisB_hallmark_alpha","UBE2L6"
"AxisB_hallmark_alpha","USP18"
"AxisB_hallmark_alpha","WARS1"
"AxisB_reactome_sens","ABCE1"
"AxisB_reactome_sens","ADAR"
"AxisB_reactome_sens","BST2"
"AxisB_reactome_sens","EGR1"
"AxisB_reactome_sens","EIF2AK2"
"AxisB_reactome_sens","GBP2"
"AxisB_reactome_sens","HLA-A"
"AxisB_reactome_sens","HLA-B"
"AxisB_reactome_sens","HLA-C"
"AxisB_reactome_sens","HLA-E"
"AxisB_reactome_sens","HLA-F"
"AxisB_reactome_sens","HLA-G"
"AxisB_reactome_sens","HLA-H"
"AxisB_reactome_sens","IFI27"
"AxisB_reactome_sens","IFI35"
"AxisB_reactome_sens","IFI6"
"AxisB_reactome_sens","IFIT1"
"AxisB_reactome_sens","IFIT2"
"AxisB_reactome_sens","IFIT3"
"AxisB_reactome_sens","IFIT5"
"AxisB_reactome_sens","IFITM1"
"AxisB_reactome_sens","IFITM2"
"AxisB_reactome_sens","IFITM3"
"AxisB_reactome_sens","IFNA1"
"AxisB_reactome_sens","IFNA10"
"AxisB_reactome_sens","IFNA13"
"AxisB_reactome_sens","IFNA14"
"AxisB_reactome_sens","IFNA16"
"AxisB_reactome_sens","IFNA17"
"AxisB_reactome_sens","IFNA2"
"AxisB_reactome_sens","IFNA21"
"AxisB_reactome_sens","IFNA4"
"AxisB_reactome_sens","IFNA5"
"AxisB_reactome_sens","IFNA6"
"AxisB_reactome_sens","IFNA7"
"AxisB_reactome_sens","IFNA8"
"AxisB_reactome_sens","IFNAR1"
"AxisB_reactome_sens","IFNAR2"
"AxisB_reactome_sens","IFNB1"
"AxisB_reactome_sens","IP6K2"
"AxisB_reactome_sens","IRF1"
"AxisB_reactome_sens","IRF2"
"AxisB_reactome_sens","IRF3"
"AxisB_reactome_sens","IRF4"
"AxisB_reactome_sens","IRF5"
"AxisB_reactome_sens","IRF6"
"AxisB_reactome_sens","IRF7"
"AxisB_reactome_sens","IRF8"
"AxisB_reactome_sens","IRF9"
"AxisB_reactome_sens","ISG15"
"AxisB_reactome_sens","ISG20"
"AxisB_reactome_sens","JAK1"
"AxisB_reactome_sens","KPNA1"
"AxisB_reactome_sens","KPNB1"
"AxisB_reactome_sens","MX1"
"AxisB_reactome_sens","MX2"
"AxisB_reactome_sens","OAS1"
"AxisB_reactome_sens","OAS2"
"AxisB_reactome_sens","OAS3"
"AxisB_reactome_sens","OASL"
"AxisB_reactome_sens","PSMB8"
"AxisB_reactome_sens","PTPN1"
"AxisB_reactome_sens","PTPN11"
"AxisB_reactome_sens","PTPN6"
"AxisB_reactome_sens","RNASEL"
"AxisB_reactome_sens","RPS27A"
"AxisB_reactome_sens","RSAD2"
"AxisB_reactome_sens","SAMHD1"
"AxisB_reactome_sens","SOCS1"
"AxisB_reactome_sens","SOCS3"
"AxisB_reactome_sens","STAT1"
"AxisB_reactome_sens","STAT2"
"AxisB_reactome_sens","TYK2"
"AxisB_reactome_sens","UBA52"
"AxisB_reactome_sens","UBB"
"AxisB_reactome_sens","UBC"
"AxisB_reactome_sens","USP18"
"AxisB_reactome_sens","XAF1"
"AxisB_core20_sens","BST2"
"AxisB_core20_sens","EIF2AK2"
"AxisB_core20_sens","HERC5"
"AxisB_core20_sens","IFI44"
"AxisB_core20_sens","IFI44L"
"AxisB_core20_sens","IFI6"
"AxisB_core20_sens","IFIT1"
"AxisB_core20_sens","IFIT2"
"AxisB_core20_sens","IFIT3"
"AxisB_core20_sens","IFITM3"
"AxisB_core20_sens","ISG15"
"AxisB_core20_sens","MX1"
"AxisB_core20_sens","MX2"
"AxisB_core20_sens","OAS1"
"AxisB_core20_sens","OAS2"
"AxisB_core20_sens","OAS3"
"AxisB_core20_sens","OASL"
"AxisB_core20_sens","RSAD2"
"AxisB_core20_sens","SAMD9L"
"AxisB_core20_sens","XAF1"
"alpha_only_descriptive","CCRL2"
"alpha_only_descriptive","CD47"
"alpha_only_descriptive","CNP"
"alpha_only_descriptive","CSF1"
"alpha_only_descriptive","ELF1"
"alpha_only_descriptive","GBP2"
"alpha_only_descriptive","GMPR"
"alpha_only_descriptive","HLA-C"
"alpha_only_descriptive","IFITM1"
"alpha_only_descriptive","LAMP3"
"alpha_only_descriptive","LPAR6"
"alpha_only_descriptive","MOV10"
"alpha_only_descriptive","MVB12A"
"alpha_only_descriptive","NCOA7"
"alpha_only_descriptive","NUB1"
"alpha_only_descriptive","OAS1"
"alpha_only_descriptive","PARP9"
"alpha_only_descriptive","PROCR"
"alpha_only_descriptive","SAMD9"
"alpha_only_descriptive","SELL"
"alpha_only_descriptive","TENT5A"
"alpha_only_descriptive","TMEM140"
"alpha_only_descriptive","TRIM5"
"alpha_only_descriptive","UBA7"
"AxisC1_DNA_sensing","CGAS"
"AxisC1_DNA_sensing","IKBKE"
"AxisC1_DNA_sensing","IRF3"
"AxisC1_DNA_sensing","STING1"
"AxisC1_DNA_sensing","TBK1"
"AxisC1_DNA_sensing","TREX1"
"AxisC2_RNA_sensing","IFIH1"
"AxisC2_RNA_sensing","MAVS"
"AxisC2_RNA_sensing","RIGI"
"AxisD_negative_regulators","PIAS2"
"AxisD_negative_regulators","PTPN2"
"AxisD_negative_regulators","SOCS1"
"AxisD_negative_regulators","SOCS3"
"AxisD_negative_regulators","USP18"
"AxisD_minus_USP18","PIAS2"
"AxisD_minus_USP18","PTPN2"
"AxisD_minus_USP18","SOCS1"
"AxisD_minus_USP18","SOCS3"
"AxisE_gamma_minus_alpha_minus_core20","APOL6"
"AxisE_gamma_minus_alpha_minus_core20","ARID5B"
"AxisE_gamma_minus_alpha_minus_core20","ARL4A"
"AxisE_gamma_minus_alpha_minus_core20","AUTS2"
"AxisE_gamma_minus_alpha_minus_core20","BANK1"
"AxisE_gamma_minus_alpha_minus_core20","BPGM"
"AxisE_gamma_minus_alpha_minus_core20","BTG1"
"AxisE_gamma_minus_alpha_minus_core20","C1R"
"AxisE_gamma_minus_alpha_minus_core20","CASP3"
"AxisE_gamma_minus_alpha_minus_core20","CASP4"
"AxisE_gamma_minus_alpha_minus_core20","CASP7"
"AxisE_gamma_minus_alpha_minus_core20","CCL2"
"AxisE_gamma_minus_alpha_minus_core20","CCL5"
"AxisE_gamma_minus_alpha_minus_core20","CCL7"
"AxisE_gamma_minus_alpha_minus_core20","CD274"
"AxisE_gamma_minus_alpha_minus_core20","CD38"
"AxisE_gamma_minus_alpha_minus_core20","CD40"
"AxisE_gamma_minus_alpha_minus_core20","CD69"
"AxisE_gamma_minus_alpha_minus_core20","CD86"
"AxisE_gamma_minus_alpha_minus_core20","CDKN1A"
"AxisE_gamma_minus_alpha_minus_core20","CFB"
"AxisE_gamma_minus_alpha_minus_core20","CFH"
"AxisE_gamma_minus_alpha_minus_core20","CIITA"
"AxisE_gamma_minus_alpha_minus_core20","CMKLR1"
"AxisE_gamma_minus_alpha_minus_core20","CSF2RB"
"AxisE_gamma_minus_alpha_minus_core20","CXCL9"
"AxisE_gamma_minus_alpha_minus_core20","EIF4E3"
"AxisE_gamma_minus_alpha_minus_core20","FAS"
"AxisE_gamma_minus_alpha_minus_core20","FCGR1A"
"AxisE_gamma_minus_alpha_minus_core20","FGL2"
"AxisE_gamma_minus_alpha_minus_core20","FPR1"
"AxisE_gamma_minus_alpha_minus_core20","GBP6"
"AxisE_gamma_minus_alpha_minus_core20","GCH1"
"AxisE_gamma_minus_alpha_minus_core20","GPR18"
"AxisE_gamma_minus_alpha_minus_core20","GZMA"
"AxisE_gamma_minus_alpha_minus_core20","HIF1A"
"AxisE_gamma_minus_alpha_minus_core20","HLA-A"
"AxisE_gamma_minus_alpha_minus_core20","HLA-B"
"AxisE_gamma_minus_alpha_minus_core20","HLA-DMA"
"AxisE_gamma_minus_alpha_minus_core20","HLA-DQA1"
"AxisE_gamma_minus_alpha_minus_core20","HLA-DRB1"
"AxisE_gamma_minus_alpha_minus_core20","HLA-G"
"AxisE_gamma_minus_alpha_minus_core20","ICAM1"
"AxisE_gamma_minus_alpha_minus_core20","IDO1"
"AxisE_gamma_minus_alpha_minus_core20","IFNAR2"
"AxisE_gamma_minus_alpha_minus_core20","IL10RA"
"AxisE_gamma_minus_alpha_minus_core20","IL15RA"
"AxisE_gamma_minus_alpha_minus_core20","IL18BP"
"AxisE_gamma_minus_alpha_minus_core20","IL2RB"
"AxisE_gamma_minus_alpha_minus_core20","IL6"
"AxisE_gamma_minus_alpha_minus_core20","IRF4"
"AxisE_gamma_minus_alpha_minus_core20","IRF5"
"AxisE_gamma_minus_alpha_minus_core20","IRF8"
"AxisE_gamma_minus_alpha_minus_core20","ISOC1"
"AxisE_gamma_minus_alpha_minus_core20","ITGB7"
"AxisE_gamma_minus_alpha_minus_core20","JAK2"
"AxisE_gamma_minus_alpha_minus_core20","KLRK1"
"AxisE_gamma_minus_alpha_minus_core20","LATS2"
"AxisE_gamma_minus_alpha_minus_core20","LCP2"
"AxisE_gamma_minus_alpha_minus_core20","LYSMD2"
"AxisE_gamma_minus_alpha_minus_core20","MARCHF1"
"AxisE_gamma_minus_alpha_minus_core20","MT2A"
"AxisE_gamma_minus_alpha_minus_core20","MTHFD2"
"AxisE_gamma_minus_alpha_minus_core20","MVP"
"AxisE_gamma_minus_alpha_minus_core20","MYD88"
"AxisE_gamma_minus_alpha_minus_core20","NAMPT"
"AxisE_gamma_minus_alpha_minus_core20","NCOA3"
"AxisE_gamma_minus_alpha_minus_core20","NFKB1"
"AxisE_gamma_minus_alpha_minus_core20","NFKBIA"
"AxisE_gamma_minus_alpha_minus_core20","NLRC5"
"AxisE_gamma_minus_alpha_minus_core20","NOD1"
"AxisE_gamma_minus_alpha_minus_core20","NUP93"
"AxisE_gamma_minus_alpha_minus_core20","P2RY14"
"AxisE_gamma_minus_alpha_minus_core20","PDE4B"
"AxisE_gamma_minus_alpha_minus_core20","PELI1"
"AxisE_gamma_minus_alpha_minus_core20","PFKP"
"AxisE_gamma_minus_alpha_minus_core20","PIM1"
"AxisE_gamma_minus_alpha_minus_core20","PLA2G4A"
"AxisE_gamma_minus_alpha_minus_core20","PML"
"AxisE_gamma_minus_alpha_minus_core20","PNP"
"AxisE_gamma_minus_alpha_minus_core20","PSMA2"
"AxisE_gamma_minus_alpha_minus_core20","PSMB10"
"AxisE_gamma_minus_alpha_minus_core20","PSMB2"
"AxisE_gamma_minus_alpha_minus_core20","PTGS2"
"AxisE_gamma_minus_alpha_minus_core20","PTPN1"
"AxisE_gamma_minus_alpha_minus_core20","PTPN2"
"AxisE_gamma_minus_alpha_minus_core20","PTPN6"
"AxisE_gamma_minus_alpha_minus_core20","RAPGEF6"
"AxisE_gamma_minus_alpha_minus_core20","RBCK1"
"AxisE_gamma_minus_alpha_minus_core20","RIGI"
"AxisE_gamma_minus_alpha_minus_core20","RIPK1"
"AxisE_gamma_minus_alpha_minus_core20","RNF213"
"AxisE_gamma_minus_alpha_minus_core20","SAMHD1"
"AxisE_gamma_minus_alpha_minus_core20","SECTM1"
"AxisE_gamma_minus_alpha_minus_core20","SELP"
"AxisE_gamma_minus_alpha_minus_core20","SERPING1"
"AxisE_gamma_minus_alpha_minus_core20","SLAMF7"
"AxisE_gamma_minus_alpha_minus_core20","SOCS1"
"AxisE_gamma_minus_alpha_minus_core20","SOCS3"
"AxisE_gamma_minus_alpha_minus_core20","SOD2"
"AxisE_gamma_minus_alpha_minus_core20","SPPL2A"
"AxisE_gamma_minus_alpha_minus_core20","SRI"
"AxisE_gamma_minus_alpha_minus_core20","SSPN"
"AxisE_gamma_minus_alpha_minus_core20","ST3GAL5"
"AxisE_gamma_minus_alpha_minus_core20","ST8SIA4"
"AxisE_gamma_minus_alpha_minus_core20","STAT1"
"AxisE_gamma_minus_alpha_minus_core20","STAT3"
"AxisE_gamma_minus_alpha_minus_core20","STAT4"
"AxisE_gamma_minus_alpha_minus_core20","TAPBP"
"AxisE_gamma_minus_alpha_minus_core20","TMT1B"
"AxisE_gamma_minus_alpha_minus_core20","TNFAIP2"
"AxisE_gamma_minus_alpha_minus_core20","TNFAIP3"
"AxisE_gamma_minus_alpha_minus_core20","TNFAIP6"
"AxisE_gamma_minus_alpha_minus_core20","TNFSF10"
"AxisE_gamma_minus_alpha_minus_core20","TOR1B"
"AxisE_gamma_minus_alpha_minus_core20","UPP1"
"AxisE_gamma_minus_alpha_minus_core20","VAMP5"
"AxisE_gamma_minus_alpha_minus_core20","VAMP8"
"AxisE_gamma_minus_alpha_minus_core20","VCAM1"
"AxisE_gamma_minus_alpha_minus_core20","XCL1"
"AxisE_gamma_minus_alpha_minus_core20","ZBP1"
"AxisE_gamma_minus_alpha_minus_core20","ZNFX1"
"gamma_minus_alpha_unfiltered","APOL6"
"gamma_minus_alpha_unfiltered","ARID5B"
"gamma_minus_alpha_unfiltered","ARL4A"
"gamma_minus_alpha_unfiltered","AUTS2"
"gamma_minus_alpha_unfiltered","BANK1"
"gamma_minus_alpha_unfiltered","BPGM"
"gamma_minus_alpha_unfiltered","BTG1"
"gamma_minus_alpha_unfiltered","C1R"
"gamma_minus_alpha_unfiltered","CASP3"
"gamma_minus_alpha_unfiltered","CASP4"
"gamma_minus_alpha_unfiltered","CASP7"
"gamma_minus_alpha_unfiltered","CCL2"
"gamma_minus_alpha_unfiltered","CCL5"
"gamma_minus_alpha_unfiltered","CCL7"
"gamma_minus_alpha_unfiltered","CD274"
"gamma_minus_alpha_unfiltered","CD38"
"gamma_minus_alpha_unfiltered","CD40"
"gamma_minus_alpha_unfiltered","CD69"
"gamma_minus_alpha_unfiltered","CD86"
"gamma_minus_alpha_unfiltered","CDKN1A"
"gamma_minus_alpha_unfiltered","CFB"
"gamma_minus_alpha_unfiltered","CFH"
"gamma_minus_alpha_unfiltered","CIITA"
"gamma_minus_alpha_unfiltered","CMKLR1"
"gamma_minus_alpha_unfiltered","CSF2RB"
"gamma_minus_alpha_unfiltered","CXCL9"
"gamma_minus_alpha_unfiltered","EIF4E3"
"gamma_minus_alpha_unfiltered","FAS"
"gamma_minus_alpha_unfiltered","FCGR1A"
"gamma_minus_alpha_unfiltered","FGL2"
"gamma_minus_alpha_unfiltered","FPR1"
"gamma_minus_alpha_unfiltered","GBP6"
"gamma_minus_alpha_unfiltered","GCH1"
"gamma_minus_alpha_unfiltered","GPR18"
"gamma_minus_alpha_unfiltered","GZMA"
"gamma_minus_alpha_unfiltered","HIF1A"
"gamma_minus_alpha_unfiltered","HLA-A"
"gamma_minus_alpha_unfiltered","HLA-B"
"gamma_minus_alpha_unfiltered","HLA-DMA"
"gamma_minus_alpha_unfiltered","HLA-DQA1"
"gamma_minus_alpha_unfiltered","HLA-DRB1"
"gamma_minus_alpha_unfiltered","HLA-G"
"gamma_minus_alpha_unfiltered","ICAM1"
"gamma_minus_alpha_unfiltered","IDO1"
"gamma_minus_alpha_unfiltered","IFIT1"
"gamma_minus_alpha_unfiltered","IFNAR2"
"gamma_minus_alpha_unfiltered","IL10RA"
"gamma_minus_alpha_unfiltered","IL15RA"
"gamma_minus_alpha_unfiltered","IL18BP"
"gamma_minus_alpha_unfiltered","IL2RB"
"gamma_minus_alpha_unfiltered","IL6"
"gamma_minus_alpha_unfiltered","IRF4"
"gamma_minus_alpha_unfiltered","IRF5"
"gamma_minus_alpha_unfiltered","IRF8"
"gamma_minus_alpha_unfiltered","ISOC1"
"gamma_minus_alpha_unfiltered","ITGB7"
"gamma_minus_alpha_unfiltered","JAK2"
"gamma_minus_alpha_unfiltered","KLRK1"
"gamma_minus_alpha_unfiltered","LATS2"
"gamma_minus_alpha_unfiltered","LCP2"
"gamma_minus_alpha_unfiltered","LYSMD2"
"gamma_minus_alpha_unfiltered","MARCHF1"
"gamma_minus_alpha_unfiltered","MT2A"
"gamma_minus_alpha_unfiltered","MTHFD2"
"gamma_minus_alpha_unfiltered","MVP"
"gamma_minus_alpha_unfiltered","MX2"
"gamma_minus_alpha_unfiltered","MYD88"
"gamma_minus_alpha_unfiltered","NAMPT"
"gamma_minus_alpha_unfiltered","NCOA3"
"gamma_minus_alpha_unfiltered","NFKB1"
"gamma_minus_alpha_unfiltered","NFKBIA"
"gamma_minus_alpha_unfiltered","NLRC5"
"gamma_minus_alpha_unfiltered","NOD1"
"gamma_minus_alpha_unfiltered","NUP93"
"gamma_minus_alpha_unfiltered","OAS2"
"gamma_minus_alpha_unfiltered","OAS3"
"gamma_minus_alpha_unfiltered","P2RY14"
"gamma_minus_alpha_unfiltered","PDE4B"
"gamma_minus_alpha_unfiltered","PELI1"
"gamma_minus_alpha_unfiltered","PFKP"
"gamma_minus_alpha_unfiltered","PIM1"
"gamma_minus_alpha_unfiltered","PLA2G4A"
"gamma_minus_alpha_unfiltered","PML"
"gamma_minus_alpha_unfiltered","PNP"
"gamma_minus_alpha_unfiltered","PSMA2"
"gamma_minus_alpha_unfiltered","PSMB10"
"gamma_minus_alpha_unfiltered","PSMB2"
"gamma_minus_alpha_unfiltered","PTGS2"
"gamma_minus_alpha_unfiltered","PTPN1"
"gamma_minus_alpha_unfiltered","PTPN2"
"gamma_minus_alpha_unfiltered","PTPN6"
"gamma_minus_alpha_unfiltered","RAPGEF6"
"gamma_minus_alpha_unfiltered","RBCK1"
"gamma_minus_alpha_unfiltered","RIGI"
"gamma_minus_alpha_unfiltered","RIPK1"
"gamma_minus_alpha_unfiltered","RNF213"
"gamma_minus_alpha_unfiltered","SAMHD1"
"gamma_minus_alpha_unfiltered","SECTM1"
"gamma_minus_alpha_unfiltered","SELP"
"gamma_minus_alpha_unfiltered","SERPING1"
"gamma_minus_alpha_unfiltered","SLAMF7"
"gamma_minus_alpha_unfiltered","SOCS1"
"gamma_minus_alpha_unfiltered","SOCS3"
"gamma_minus_alpha_unfiltered","SOD2"
"gamma_minus_alpha_unfiltered","SPPL2A"
"gamma_minus_alpha_unfiltered","SRI"
"gamma_minus_alpha_unfiltered","SSPN"
"gamma_minus_alpha_unfiltered","ST3GAL5"
"gamma_minus_alpha_unfiltered","ST8SIA4"
"gamma_minus_alpha_unfiltered","STAT1"
"gamma_minus_alpha_unfiltered","STAT3"
"gamma_minus_alpha_unfiltered","STAT4"
"gamma_minus_alpha_unfiltered","TAPBP"
"gamma_minus_alpha_unfiltered","TMT1B"
"gamma_minus_alpha_unfiltered","TNFAIP2"
"gamma_minus_alpha_unfiltered","TNFAIP3"
"gamma_minus_alpha_unfiltered","TNFAIP6"
"gamma_minus_alpha_unfiltered","TNFSF10"
"gamma_minus_alpha_unfiltered","TOR1B"
"gamma_minus_alpha_unfiltered","UPP1"
"gamma_minus_alpha_unfiltered","VAMP5"
"gamma_minus_alpha_unfiltered","VAMP8"
"gamma_minus_alpha_unfiltered","VCAM1"
"gamma_minus_alpha_unfiltered","XAF1"
"gamma_minus_alpha_unfiltered","XCL1"
"gamma_minus_alpha_unfiltered","ZBP1"
"gamma_minus_alpha_unfiltered","ZNFX1"
"AxisB_excl_curated_overlaps","ADAR"
"AxisB_excl_curated_overlaps","B2M"
"AxisB_excl_curated_overlaps","BATF2"
"AxisB_excl_curated_overlaps","BST2"
"AxisB_excl_curated_overlaps","C1S"
"AxisB_excl_curated_overlaps","CASP1"
"AxisB_excl_curated_overlaps","CASP8"
"AxisB_excl_curated_overlaps","CCRL2"
"AxisB_excl_curated_overlaps","CD47"
"AxisB_excl_curated_overlaps","CD74"
"AxisB_excl_curated_overlaps","CMPK2"
"AxisB_excl_curated_overlaps","CMTR1"
"AxisB_excl_curated_overlaps","CNP"
"AxisB_excl_curated_overlaps","CSF1"
"AxisB_excl_curated_overlaps","CXCL10"
"AxisB_excl_curated_overlaps","CXCL11"
"AxisB_excl_curated_overlaps","DDX60"
"AxisB_excl_curated_overlaps","DHX58"
"AxisB_excl_curated_overlaps","EIF2AK2"
"AxisB_excl_curated_overlaps","ELF1"
"AxisB_excl_curated_overlaps","EPSTI1"
"AxisB_excl_curated_overlaps","GBP2"
"AxisB_excl_curated_overlaps","GBP4"
"AxisB_excl_curated_overlaps","GMPR"
"AxisB_excl_curated_overlaps","HELZ2"
"AxisB_excl_curated_overlaps","HERC6"
"AxisB_excl_curated_overlaps","HLA-C"
"AxisB_excl_curated_overlaps","IFI27"
"AxisB_excl_curated_overlaps","IFI30"
"AxisB_excl_curated_overlaps","IFI35"
"AxisB_excl_curated_overlaps","IFI44"
"AxisB_excl_curated_overlaps","IFI44L"
"AxisB_excl_curated_overlaps","IFIT2"
"AxisB_excl_curated_overlaps","IFIT3"
"AxisB_excl_curated_overlaps","IFITM1"
"AxisB_excl_curated_overlaps","IFITM2"
"AxisB_excl_curated_overlaps","IFITM3"
"AxisB_excl_curated_overlaps","IL15"
"AxisB_excl_curated_overlaps","IL4R"
"AxisB_excl_curated_overlaps","IL7"
"AxisB_excl_curated_overlaps","IRF1"
"AxisB_excl_curated_overlaps","IRF2"
"AxisB_excl_curated_overlaps","IRF7"
"AxisB_excl_curated_overlaps","ISG15"
"AxisB_excl_curated_overlaps","ISG20"
"AxisB_excl_curated_overlaps","LAMP3"
"AxisB_excl_curated_overlaps","LAP3"
"AxisB_excl_curated_overlaps","LGALS3BP"
"AxisB_excl_curated_overlaps","LPAR6"
"AxisB_excl_curated_overlaps","LY6E"
"AxisB_excl_curated_overlaps","MOV10"
"AxisB_excl_curated_overlaps","MVB12A"
"AxisB_excl_curated_overlaps","MX1"
"AxisB_excl_curated_overlaps","NCOA7"
"AxisB_excl_curated_overlaps","NMI"
"AxisB_excl_curated_overlaps","NUB1"
"AxisB_excl_curated_overlaps","OAS1"
"AxisB_excl_curated_overlaps","OASL"
"AxisB_excl_curated_overlaps","OGFR"
"AxisB_excl_curated_overlaps","PARP12"
"AxisB_excl_curated_overlaps","PARP14"
"AxisB_excl_curated_overlaps","PARP9"
"AxisB_excl_curated_overlaps","PLSCR1"
"AxisB_excl_curated_overlaps","PNPT1"
"AxisB_excl_curated_overlaps","PROCR"
"AxisB_excl_curated_overlaps","PSMA3"
"AxisB_excl_curated_overlaps","PSMB8"
"AxisB_excl_curated_overlaps","PSMB9"
"AxisB_excl_curated_overlaps","PSME1"
"AxisB_excl_curated_overlaps","PSME2"
"AxisB_excl_curated_overlaps","RIPK2"
"AxisB_excl_curated_overlaps","RNF31"
"AxisB_excl_curated_overlaps","RSAD2"
"AxisB_excl_curated_overlaps","RTP4"
"AxisB_excl_curated_overlaps","SAMD9"
"AxisB_excl_curated_overlaps","SAMD9L"
"AxisB_excl_curated_overlaps","SELL"
"AxisB_excl_curated_overlaps","SLC25A28"
"AxisB_excl_curated_overlaps","SP110"
"AxisB_excl_curated_overlaps","TAP1"
"AxisB_excl_curated_overlaps","TDRD7"
"AxisB_excl_curated_overlaps","TENT5A"
"AxisB_excl_curated_overlaps","TMEM140"
"AxisB_excl_curated_overlaps","TRAFD1"
"AxisB_excl_curated_overlaps","TRIM14"
"AxisB_excl_curated_overlaps","TRIM21"
"AxisB_excl_curated_overlaps","TRIM25"
"AxisB_excl_curated_overlaps","TRIM26"
"AxisB_excl_curated_overlaps","TRIM5"
"AxisB_excl_curated_overlaps","TXNIP"
"AxisB_excl_curated_overlaps","UBA7"
"AxisB_excl_curated_overlaps","UBE2L6"
"AxisB_excl_curated_overlaps","WARS1"
"shared_alpha_gamma","ADAR"
"shared_alpha_gamma","B2M"
"shared_alpha_gamma","BATF2"
"shared_alpha_gamma","BST2"
"shared_alpha_gamma","C1S"
"shared_alpha_gamma","CASP1"
"shared_alpha_gamma","CASP8"
"shared_alpha_gamma","CD74"
"shared_alpha_gamma","CMPK2"
"shared_alpha_gamma","CMTR1"
"shared_alpha_gamma","CXCL10"
"shared_alpha_gamma","CXCL11"
"shared_alpha_gamma","DDX60"
"shared_alpha_gamma","DHX58"
"shared_alpha_gamma","EIF2AK2"
"shared_alpha_gamma","EPSTI1"
"shared_alpha_gamma","GBP4"
"shared_alpha_gamma","HELZ2"
"shared_alpha_gamma","HERC6"
"shared_alpha_gamma","IFI27"
"shared_alpha_gamma","IFI30"
"shared_alpha_gamma","IFI35"
"shared_alpha_gamma","IFI44"
"shared_alpha_gamma","IFI44L"
"shared_alpha_gamma","IFIH1"
"shared_alpha_gamma","IFIT2"
"shared_alpha_gamma","IFIT3"
"shared_alpha_gamma","IFITM2"
"shared_alpha_gamma","IFITM3"
"shared_alpha_gamma","IL15"
"shared_alpha_gamma","IL4R"
"shared_alpha_gamma","IL7"
"shared_alpha_gamma","IRF1"
"shared_alpha_gamma","IRF2"
"shared_alpha_gamma","IRF7"
"shared_alpha_gamma","IRF9"
"shared_alpha_gamma","ISG15"
"shared_alpha_gamma","ISG20"
"shared_alpha_gamma","LAP3"
"shared_alpha_gamma","LGALS3BP"
"shared_alpha_gamma","LY6E"
"shared_alpha_gamma","MX1"
"shared_alpha_gamma","NMI"
"shared_alpha_gamma","OASL"
"shared_alpha_gamma","OGFR"
"shared_alpha_gamma","PARP12"
"shared_alpha_gamma","PARP14"
"shared_alpha_gamma","PLSCR1"
"shared_alpha_gamma","PNPT1"
"shared_alpha_gamma","PSMA3"
"shared_alpha_gamma","PSMB8"
"shared_alpha_gamma","PSMB9"
"shared_alpha_gamma","PSME1"
"shared_alpha_gamma","PSME2"
"shared_alpha_gamma","RIPK2"
"shared_alpha_gamma","RNF31"
"shared_alpha_gamma","RSAD2"
"shared_alpha_gamma","RTP4"
"shared_alpha_gamma","SAMD9L"
"shared_alpha_gamma","SLC25A28"
"shared_alpha_gamma","SP110"
"shared_alpha_gamma","STAT2"
"shared_alpha_gamma","TAP1"
"shared_alpha_gamma","TDRD7"
"shared_alpha_gamma","TRAFD1"
"shared_alpha_gamma","TRIM14"
"shared_alpha_gamma","TRIM21"
"shared_alpha_gamma","TRIM25"
"shared_alpha_gamma","TRIM26"
"shared_alpha_gamma","TXNIP"
"shared_alpha_gamma","UBE2L6"
"shared_alpha_gamma","USP18"
"shared_alpha_gamma","WARS1"
"ligands_descriptive","IFNB1"
"ligands_descriptive","IFNE"
"mitophagy_fission","BNIP3"
"mitophagy_fission","BNIP3L"
"mitophagy_fission","CALCOCO2"
"mitophagy_fission","DNM1L"
"mitophagy_fission","FIS1"
"mitophagy_fission","INF2"
"mitophagy_fission","MFN1"
"mitophagy_fission","MFN2"
"mitophagy_fission","OPA1"
"mitophagy_fission","OPTN"
"mitophagy_fission","PGAM5"
"mitophagy_fission","PINK1"
"mitophagy_fission","PRKN"
"mitophagy_fission","SQSTM1"
"lysosomal","ABCA2"
"lysosomal","ABCB9"
"lysosomal","ACP2"
"lysosomal","ACP5"
"lysosomal","AGA"
"lysosomal","AP1B1"
"lysosomal","AP1G1"
"lysosomal","AP1M1"
"lysosomal","AP1M2"
"lysosomal","AP1S1"
"lysosomal","AP1S2"
"lysosomal","AP1S3"
"lysosomal","AP3B1"
"lysosomal","AP3B2"
"lysosomal","AP3D1"
"lysosomal","AP3M1"
"lysosomal","AP3M2"
"lysosomal","AP3S1"
"lysosomal","AP3S2"
"lysosomal","AP4B1"
"lysosomal","AP4E1"
"lysosomal","AP4M1"
"lysosomal","AP4S1"
"lysosomal","ARSA"
"lysosomal","ARSB"
"lysosomal","ARSG"
"lysosomal","ASAH1"
"lysosomal","ATP6AP1"
"lysosomal","ATP6V0A1"
"lysosomal","ATP6V0A2"
"lysosomal","ATP6V0A4"
"lysosomal","ATP6V0B"
"lysosomal","ATP6V0C"
"lysosomal","ATP6V0D1"
"lysosomal","ATP6V0D2"
"lysosomal","ATP6V1H"
"lysosomal","CD164"
"lysosomal","CD63"
"lysosomal","CD68"
"lysosomal","CLN3"
"lysosomal","CLN5"
"lysosomal","CLTA"
"lysosomal","CLTB"
"lysosomal","CLTC"
"lysosomal","CLTCL1"
"lysosomal","CTNS"
"lysosomal","CTSA"
"lysosomal","CTSB"
"lysosomal","CTSC"
"lysosomal","CTSD"
"lysosomal","CTSE"
"lysosomal","CTSF"
"lysosomal","CTSG"
"lysosomal","CTSH"
"lysosomal","CTSK"
"lysosomal","CTSL"
"lysosomal","CTSO"
"lysosomal","CTSS"
"lysosomal","CTSV"
"lysosomal","CTSW"
"lysosomal","CTSZ"
"lysosomal","DNASE2"
"lysosomal","DNASE2B"
"lysosomal","ENTPD4"
"lysosomal","FUCA1"
"lysosomal","GAA"
"lysosomal","GALC"
"lysosomal","GALNS"
"lysosomal","GBA1"
"lysosomal","GGA1"
"lysosomal","GGA2"
"lysosomal","GGA3"
"lysosomal","GLA"
"lysosomal","GLB1"
"lysosomal","GM2A"
"lysosomal","GNPTAB"
"lysosomal","GNPTG"
"lysosomal","GNS"
"lysosomal","GUSB"
"lysosomal","HEXA"
"lysosomal","HEXB"
"lysosomal","HGSNAT"
"lysosomal","HYAL1"
"lysosomal","IDS"
"lysosomal","IDUA"
"lysosomal","IGF2R"
"lysosomal","LAMP1"
"lysosomal","LAMP2"
"lysosomal","LAMP3"
"lysosomal","LAPTM4A"
"lysosomal","LAPTM4B"
"lysosomal","LAPTM5"
"lysosomal","LGMN"
"lysosomal","LIPA"
"lysosomal","M6PR"
"lysosomal","MAN2B1"
"lysosomal","MANBA"
"lysosomal","MCOLN1"
"lysosomal","MFSD8"
"lysosomal","NAGA"
"lysosomal","NAGLU"
"lysosomal","NAGPA"
"lysosomal","NAPSA"
"lysosomal","NEU1"
"lysosomal","NPC1"
"lysosomal","NPC2"
"lysosomal","PLA2G15"
"lysosomal","PPT1"
"lysosomal","PPT2"
"lysosomal","PSAP"
"lysosomal","PSAPL1"
"lysosomal","SCARB2"
"lysosomal","SGSH"
"lysosomal","SLC11A1"
"lysosomal","SLC11A2"
"lysosomal","SLC17A5"
"lysosomal","SMPD1"
"lysosomal","SORT1"
"lysosomal","SUMF1"
"lysosomal","TCIRG1"
"lysosomal","TFEB"
"lysosomal","TPP1"
"oxphos","ABCB7"
"oxphos","ACAA1"
"oxphos","ACAA2"
"oxphos","ACADM"
"oxphos","ACADSB"
"oxphos","ACADVL"
"oxphos","ACAT1"
"oxphos","ACO2"
"oxphos","AFG3L2"
"oxphos","AIFM1"
"oxphos","ALAS1"
"oxphos","ALDH6A1"
"oxphos","ATP1B1"
"oxphos","ATP5F1A"
"oxphos","ATP5F1B"
"oxphos","ATP5F1C"
"oxphos","ATP5F1D"
"oxphos","ATP5F1E"
"oxphos","ATP5MC1"
"oxphos","ATP5MC2"
"oxphos","ATP5MC3"
"oxphos","ATP5ME"
"oxphos","ATP5MF"
"oxphos","ATP5MG"
"oxphos","ATP5PB"
"oxphos","ATP5PD"
"oxphos","ATP5PF"
"oxphos","ATP5PO"
"oxphos","ATP6AP1"
"oxphos","ATP6V0B"
"oxphos","ATP6V0C"
"oxphos","ATP6V0E1"
"oxphos","ATP6V1C1"
"oxphos","ATP6V1D"
"oxphos","ATP6V1E1"
"oxphos","ATP6V1F"
"oxphos","ATP6V1G1"
"oxphos","ATP6V1H"
"oxphos","BAX"
"oxphos","BCKDHA"
"oxphos","BDH2"
"oxphos","CASP7"
"oxphos","COX10"
"oxphos","COX11"
"oxphos","COX15"
"oxphos","COX17"
"oxphos","COX4I1"
"oxphos","COX5A"
"oxphos","COX5B"
"oxphos","COX6A1"
"oxphos","COX6B1"
"oxphos","COX6C"
"oxphos","COX7A2"
"oxphos","COX7A2L"
"oxphos","COX7B"
"oxphos","COX7C"
"oxphos","COX8A"
"oxphos","CPT1A"
"oxphos","CS"
"oxphos","CYB5A"
"oxphos","CYB5R3"
"oxphos","CYC1"
"oxphos","CYCS"
"oxphos","DECR1"
"oxphos","DLAT"
"oxphos","DLD"
"oxphos","DLST"
"oxphos","ECH1"
"oxphos","ECHS1"
"oxphos","ECI1"
"oxphos","ETFA"
"oxphos","ETFB"
"oxphos","ETFDH"
"oxphos","FDX1"
"oxphos","FH"
"oxphos","FXN"
"oxphos","GLUD1"
"oxphos","GOT2"
"oxphos","GPI"
"oxphos","GPX4"
"oxphos","GRPEL1"
"oxphos","HADHA"
"oxphos","HADHB"
"oxphos","HCCS"
"oxphos","HSD17B10"
"oxphos","HSPA9"
"oxphos","HTRA2"
"oxphos","IDH1"
"oxphos","IDH2"
"oxphos","IDH3A"
"oxphos","IDH3B"
"oxphos","IDH3G"
"oxphos","IMMT"
"oxphos","ISCA1"
"oxphos","ISCU"
"oxphos","LDHA"
"oxphos","LDHB"
"oxphos","LRPPRC"
"oxphos","MAOB"
"oxphos","MDH1"
"oxphos","MDH2"
"oxphos","MFN2"
"oxphos","MGST3"
"oxphos","MPC1"
"oxphos","MRPL11"
"oxphos","MRPL15"
"oxphos","MRPL34"
"oxphos","MRPL35"
"oxphos","MRPS11"
"oxphos","MRPS12"
"oxphos","MRPS15"
"oxphos","MRPS22"
"oxphos","MRPS30"
"oxphos","MTRF1"
"oxphos","MTRR"
"oxphos","MTX2"
"oxphos","NDUFA1"
"oxphos","NDUFA2"
"oxphos","NDUFA3"
"oxphos","NDUFA4"
"oxphos","NDUFA5"
"oxphos","NDUFA6"
"oxphos","NDUFA7"
"oxphos","NDUFA8"
"oxphos","NDUFA9"
"oxphos","NDUFAB1"
"oxphos","NDUFB1"
"oxphos","NDUFB2"
"oxphos","NDUFB3"
"oxphos","NDUFB4"
"oxphos","NDUFB5"
"oxphos","NDUFB6"
"oxphos","NDUFB7"
"oxphos","NDUFB8"
"oxphos","NDUFC1"
"oxphos","NDUFC2"
"oxphos","NDUFS1"
"oxphos","NDUFS2"
"oxphos","NDUFS3"
"oxphos","NDUFS4"
"oxphos","NDUFS6"
"oxphos","NDUFS7"
"oxphos","NDUFS8"
"oxphos","NDUFV1"
"oxphos","NDUFV2"
"oxphos","NNT"
"oxphos","NQO2"
"oxphos","OAT"
"oxphos","OGDH"
"oxphos","OPA1"
"oxphos","OXA1L"
"oxphos","PDHA1"
"oxphos","PDHB"
"oxphos","PDHX"
"oxphos","PDK4"
"oxphos","PDP1"
"oxphos","PHB2"
"oxphos","PHYH"
"oxphos","PMPCA"
"oxphos","POLR2F"
"oxphos","POR"
"oxphos","PRDX3"
"oxphos","RETSAT"
"oxphos","RHOT1"
"oxphos","RHOT2"
"oxphos","SDHA"
"oxphos","SDHB"
"oxphos","SDHC"
"oxphos","SDHD"
"oxphos","SLC25A11"
"oxphos","SLC25A12"
"oxphos","SLC25A20"
"oxphos","SLC25A3"
"oxphos","SLC25A4"
"oxphos","SLC25A5"
"oxphos","SLC25A6"
"oxphos","SUCLA2"
"oxphos","SUCLG1"
"oxphos","SUPV3L1"
"oxphos","SURF1"
"oxphos","TCIRG1"
"oxphos","TIMM10"
"oxphos","TIMM13"
"oxphos","TIMM17A"
"oxphos","TIMM50"
"oxphos","TIMM8B"
"oxphos","TIMM9"
"oxphos","TOMM22"
"oxphos","TOMM70"
"oxphos","UQCR10"
"oxphos","UQCR11"
"oxphos","UQCRB"
"oxphos","UQCRC1"
"oxphos","UQCRC2"
"oxphos","UQCRFS1"
"oxphos","UQCRH"
"oxphos","UQCRQ"
"oxphos","VDAC1"
"oxphos","VDAC2"
"oxphos","VDAC3"
"UPR","ALDH18A1"
"UPR","ARFGAP1"
"UPR","ASNS"
"UPR","ATF3"
"UPR","ATF4"
"UPR","ATF6"
"UPR","ATP6V0D1"
"UPR","BAG3"
"UPR","BANF1"
"UPR","CALR"
"UPR","CCL2"
"UPR","CEBPB"
"UPR","CEBPG"
"UPR","CHAC1"
"UPR","CKS1B"
"UPR","CNOT2"
"UPR","CNOT4"
"UPR","CNOT6"
"UPR","CXXC1"
"UPR","DCP1A"
"UPR","DCP2"
"UPR","DCTN1"
"UPR","DDIT4"
"UPR","DDX10"
"UPR","DKC1"
"UPR","DNAJA4"
"UPR","DNAJB9"
"UPR","DNAJC3"
"UPR","EDC4"
"UPR","EDEM1"
"UPR","EEF2"
"UPR","EIF2AK3"
"UPR","EIF2S1"
"UPR","EIF4A1"
"UPR","EIF4A2"
"UPR","EIF4A3"
"UPR","EIF4E"
"UPR","EIF4EBP1"
"UPR","EIF4G1"
"UPR","ERN1"
"UPR","ERO1A"
"UPR","EXOC2"
"UPR","EXOSC1"
"UPR","EXOSC10"
"UPR","EXOSC2"
"UPR","EXOSC4"
"UPR","EXOSC5"
"UPR","EXOSC9"
"UPR","FKBP14"
"UPR","FUS"
"UPR","GEMIN4"
"UPR","GOSR2"
"UPR","H2AX"
"UPR","HERPUD1"
"UPR","HSP90B1"
"UPR","HSPA5"
"UPR","HSPA9"
"UPR","HYOU1"
"UPR","IARS1"
"UPR","IFIT1"
"UPR","IGFBP1"
"UPR","IMP3"
"UPR","KDELR3"
"UPR","KHSRP"
"UPR","KIF5B"
"UPR","LSM1"
"UPR","LSM4"
"UPR","MTHFD2"
"UPR","MTREX"
"UPR","NABP1"
"UPR","NFYA"
"UPR","NFYB"
"UPR","NHP2"
"UPR","NOLC1"
"UPR","NOP14"
"UPR","NOP56"
"UPR","NPM1"
"UPR","PAIP1"
"UPR","PARN"
"UPR","PDIA5"
"UPR","PDIA6"
"UPR","POP4"
"UPR","PREB"
"UPR","PSAT1"
"UPR","RPS14"
"UPR","RRP9"
"UPR","SDAD1"
"UPR","SEC11A"
"UPR","SEC31A"
"UPR","SERP1"
"UPR","SHC1"
"UPR","SKIC3"
"UPR","SLC1A4"
"UPR","SLC30A5"
"UPR","SLC7A5"
"UPR","SPCS1"
"UPR","SPCS3"
"UPR","SRPRA"
"UPR","SRPRB"
"UPR","SSR1"
"UPR","STC2"
"UPR","TARS1"
"UPR","TATDN2"
"UPR","TSPYL2"
"UPR","TUBB2A"
"UPR","VEGFA"
"UPR","WFS1"
"UPR","WIPI1"
"UPR","XBP1"
"UPR","XPOT"
"UPR","YIF1A"
"UPR","YWHAZ"
"UPR","ZBTB17"
"housekeeping_QC","ACTB"
"housekeeping_QC","GAPDH"
"housekeeping_QC","PPIA"
"housekeeping_QC","RPL13A"
"housekeeping_QC","TBP"
